Name,ERA,K/BB,HR/9,WHIP,xFIP,HardHit%_P,abbrev_name
Carlos Rodon,2.84,4.49,0.59,1.04,2.95,0.39899999999999997,C.Rodon
Aaron Nola,3.38,8.08,0.87,0.98,2.84,0.319,A.Nola
Kevin Gausman,3.45,7.44,0.79,1.24,2.79,0.387,K.Gausman
Justin Verlander,1.78,6.04,0.69,0.83,3.27,0.349,J.Verlander
Sandy Alcantara,2.37,3.84,0.63,1.01,3.37,0.396,S.Alcantara
Shohei Ohtani,2.43,5.44,0.85,1.04,2.64,0.331,S.Ohtani
Spencer Strider,2.67,4.49,0.48,0.99,2.3,0.36,S.Strider
Max Fried,2.52,5.13,0.62,1.02,3.12,0.322,M.Fried
Shane Bieber,2.83,5.26,0.79,1.03,2.99,0.42700000000000005,S.Bieber
Dylan Cease,2.16,3.15,0.75,1.08,3.31,0.32299999999999995,D.Cease
Framber Valdez,2.57,2.84,0.44,1.11,3.02,0.408,F.Valdez
Max Scherzer,2.26,6.65,0.7,0.92,3.33,0.32299999999999995,M.Scherzer
Yu Darvish,3.05,5.23,0.99,0.93,3.57,0.371,Y.Darvish
Shane McClanahan,2.13,6.03,0.89,0.86,2.31,0.313,S.McClanahan
Corbin Burnes,2.97,4.66,1.11,0.98,2.95,0.341,C.Burnes
Logan Webb,3.02,3.15,0.54,1.19,3.38,0.38799999999999996,L.Webb
Zac Gallen,2.52,3.88,0.66,0.92,3.41,0.36700000000000005,Z.Gallen
Alek Manoah,2.4,3.57,0.78,1.01,4.01,0.316,A.Manoah
Zack Wheeler,3.07,4.48,0.78,1.08,3.19,0.335,Z.Wheeler
Martin Perez,2.84,2.74,0.56,1.25,3.66,0.342,M.Perez
Luis Castillo,2.68,3.85,0.74,1.06,3.17,0.36,L.Castillo
Jose Quintana,3.16,2.82,0.48,1.25,3.76,0.35200000000000004,J.Quintana
Tyler Anderson,2.62,3.72,0.72,1.03,4.19,0.293,T.Anderson
Merrill Kelly,3.01,2.87,0.76,1.11,3.87,0.354,M.Kelly
Gerrit Cole,3.41,5.02,1.43,1.03,2.79,0.389,G.Cole
Patrick Sandoval,2.99,2.53,0.54,1.35,3.67,0.33799999999999997,P.Sandoval
Alex Cobb,3.48,3.4,0.6,1.27,2.93,0.371,A.Cobb
Brandon Woodruff,3.26,4.26,1.06,1.1,3.29,0.37200000000000005,B.Woodruff
Adam Wainwright,3.29,2.91,0.71,1.24,3.93,0.364,A.Wainwright
Joe Musgrove,3.16,4.85,1.15,1.07,3.43,0.325,J.Musgrove
Clayton Kershaw,2.44,5.63,0.7,0.93,2.98,0.336,C.Kershaw
Julio Urias,2.27,4.11,1.19,0.95,3.8,0.29600000000000004,J.Urias
Chris Bassitt,3.32,3.62,0.89,1.14,3.6,0.32,C.Bassitt
Nestor Cortes,2.7,4.44,1.03,0.95,3.71,0.349,N.Cortes
Jordan Montgomery,3.26,4.41,0.96,1.08,3.41,0.36200000000000004,J.Montgomery
George Kirby,2.98,8.2,0.92,1.12,3.18,0.379,G.Kirby
Tarik Skubal,3.52,3.66,0.69,1.16,3.4,0.39399999999999996,T.Skubal
Blake Snell,3.85,3.24,0.82,1.29,3.28,0.39899999999999997,B.Snell
Logan Gilbert,3.19,3.47,0.92,1.21,3.83,0.45899999999999996,L.Gilbert
Triston McKenzie,3.08,3.88,1.25,0.97,3.92,0.409,T.McKenzie
Corey Kluber,4.44,7.11,1.16,1.19,3.88,0.35700000000000004,C.Kluber
Brady Singer,3.07,4.25,1.02,1.14,3.31,0.402,B.Singer
Ross Stripling,2.94,5.1,0.83,0.99,3.62,0.359,R.Stripling
Tony Gonsolin,2.1,3.31,0.77,0.86,3.74,0.344,T.Gonsolin
Drew Rasmussen,2.77,4.07,0.78,1.07,3.42,0.363,D.Rasmussen
Cristian Javier,2.87,3.76,1.16,0.99,3.56,0.337,C.Javier
Justin Steele,3.18,2.52,0.61,1.35,3.48,0.33299999999999996,J.Steele
Edwin Diaz,1.43,5.94,0.48,0.9,1.15,0.374,E.Diaz
Kyle Wright,3.18,3.22,0.99,1.15,3.37,0.405,K.Wright
Carlos Carrasco,3.7,3.86,0.96,1.29,3.35,0.389,C.Carrasco
Sonny Gray,2.83,3.31,0.76,1.1,3.65,0.391,S.Gray
Jacob deGrom,2.32,21.5,0.83,0.61,1.34,0.295,J.deGrom
Jeffrey Springs,2.45,4.48,1.04,1.09,3.34,0.377,J.Springs
Ranger Suarez,3.53,2.23,0.77,1.3,3.78,0.33299999999999996,R.Suarez
Miles Mikolas,3.46,3.83,1.15,1.05,3.86,0.36200000000000004,M.Mikolas
Pablo Lopez,3.99,3.12,1.07,1.22,3.61,0.364,P.Lopez
Taijuan Walker,3.42,2.78,0.82,1.18,4.0,0.406,T.Walker
Michael Wacha,2.61,3.54,0.87,1.03,3.9,0.33399999999999996,M.Wacha
Kyle Freeland,4.43,2.39,1.01,1.38,4.49,0.42,K.Freeland
Emmanuel Clase,1.27,6.5,0.28,0.72,2.31,0.313,E.Clase
Ryan Helsley,1.19,5.18,0.75,0.73,2.51,0.402,R.Helsley
Jon Gray,3.8,3.57,0.97,1.14,3.25,0.377,J.Gray
Devin Williams,1.76,3.44,0.32,0.94,2.31,0.264,D.Williams
Tyler Mahle,4.4,2.93,1.19,1.22,4.04,0.38299999999999995,T.Mahle
Noah Syndergaard,4.18,3.1,0.99,1.28,4.33,0.341,N.Syndergaard
A.J. Minter,2.19,7.0,0.58,0.91,2.63,0.336,A.Minter
Mitch Keller,4.03,2.28,0.82,1.4,3.99,0.376,M.Keller
Frankie Montas,4.05,3.3,1.12,1.25,3.61,0.33799999999999997,F.Montas
Jameson Taillon,4.04,4.55,1.37,1.13,3.83,0.34600000000000003,J.Taillon
Johnny Cueto,3.09,2.84,0.9,1.2,4.43,0.353,J.Cueto
Nick Lodolo,3.81,3.77,1.03,1.27,3.29,0.386,N.Lodolo
John Schreiber,1.97,4.79,0.3,0.88,2.81,0.366,J.Schreiber
JT Brubaker,4.58,2.74,1.08,1.46,3.87,0.408,J.Brubaker
Cal Quantrill,3.51,2.65,1.04,1.22,4.38,0.355,C.Quantrill
Robbie Ray,3.72,3.59,1.47,1.17,3.52,0.39299999999999996,R.Ray
Nick Pivetta,4.35,2.54,1.25,1.34,4.19,0.44299999999999995,N.Pivetta
Kyle Gibson,4.45,2.91,1.19,1.27,4.01,0.368,K.Gibson
Dean Kremer,3.33,2.78,0.68,1.27,4.36,0.41,D.Kremer
Lance Lynn,3.99,7.06,1.39,1.07,3.3,0.374,L.Lynn
Evan Phillips,1.28,4.64,0.32,0.76,2.97,0.307,E.Phillips
Reid Detmers,3.71,2.47,0.98,1.2,4.26,0.387,R.Detmers
Reynaldo Lopez,2.88,5.45,0.15,0.94,3.12,0.396,R.Lopez
Freddy Peralta,3.45,3.04,0.64,1.02,3.77,0.319,F.Peralta
Joe Ryan,3.61,3.21,1.31,1.09,4.39,0.35700000000000004,J.Ryan
Luis Garcia,4.04,3.4,1.41,1.17,3.81,0.349,L.Garcia
Charlie Morton,4.17,3.34,1.37,1.19,3.59,0.405,C.Morton
Alex Wood,5.1,4.37,1.17,1.24,3.41,0.39299999999999996,A.Wood
Michael King,2.29,4.13,0.53,1.0,2.42,0.359,M.King
Marcus Stroman,3.76,3.09,1.05,1.18,3.6,0.40299999999999997,M.Stroman
Trevor Stephan,2.64,5.29,0.47,1.19,2.77,0.342,T.Stephan
Jesus Luzardo,3.75,2.94,0.88,1.09,3.47,0.38,J.Luzardo
Andres Munoz,2.61,6.0,0.77,0.92,2.0,0.385,A.Munoz
Rich Hill,4.7,2.73,1.01,1.34,4.18,0.349,R.Hill
Daniel Bard,1.95,2.54,0.49,1.01,3.47,0.384,D.Bard
Hector Neris,3.36,4.93,0.44,0.92,3.3,0.46299999999999997,H.Neris
Anthony Bass,1.4,4.4,0.56,0.96,3.23,0.337,A.Bass
Joe Jimenez,3.21,5.85,0.48,1.05,2.71,0.39399999999999996,J.Jimenez
Antonio Senzatela,5.07,2.35,0.88,1.69,4.07,0.414,A.Senzatela
Erik Swanson,1.12,7.88,0.56,0.83,2.66,0.306,E.Swanson
Jordan Lyles,4.7,2.58,1.29,1.45,4.53,0.384,J.Lyles
Lucas Giolito,5.07,2.87,1.44,1.49,3.65,0.389,L.Giolito
Cole Irvin,3.79,3.45,1.19,1.1,4.34,0.4,C.Irvin
David Peterson,3.91,2.65,0.98,1.35,3.3,0.426,D.Peterson
Graham Ashcraft,3.97,2.78,0.87,1.33,3.88,0.37,G.Ashcraft
Rafael Montero,2.34,3.14,0.29,1.02,3.19,0.31,R.Montero
Garrett Whitlock,3.45,5.47,1.15,1.02,3.2,0.39,G.Whitlock
Zack Greinke,4.1,2.68,1.06,1.37,4.54,0.39799999999999996,Z.Greinke
Ryan Pressly,3.02,6.11,0.65,0.89,2.15,0.376,R.Pressly
Jhoan Duran,1.78,5.44,0.82,0.96,2.1,0.353,J.Duran
Brooks Raley,1.98,5.36,0.18,0.88,3.02,0.282,B.Raley
Jimmy Herget,2.45,3.93,0.58,0.93,3.39,0.376,J.Herget
Seranthony Dominguez,2.51,3.56,0.58,0.96,2.9,0.46299999999999997,S.Dominguez
Jose Suarez,3.84,2.81,1.18,1.28,4.0,0.368,J.Suarez
Jordan Romano,2.34,3.2,0.62,1.06,3.53,0.452,J.Romano
Felix Bautista,1.71,4.15,1.0,0.86,2.7,0.366,F.Bautista
Liam Hendriks,3.08,5.77,1.2,1.04,2.69,0.392,L.Hendriks
David Bednar,2.7,4.5,0.77,1.07,2.84,0.46399999999999997,D.Bednar
Giovanny Gallegos,3.09,5.08,0.98,0.96,3.44,0.341,G.Gallegos
Caleb Thielbar,3.48,3.94,0.83,1.16,3.24,0.252,C.Thielbar
Jason Adam,1.48,5.14,0.74,0.69,3.1,0.267,J.Adam
Raisel Iglesias,2.82,5.38,0.83,0.98,3.0,0.36200000000000004,R.Iglesias
Scott Effross,2.75,4.46,0.52,1.07,3.11,0.35700000000000004,S.Effross
Jose Urquidy,3.96,3.63,1.49,1.17,4.34,0.409,J.Urquidy
Brock Burke,1.57,3.73,0.72,1.03,3.45,0.382,B.Burke
Drew Smyly,3.48,3.42,1.39,1.19,4.23,0.33399999999999996,D.Smyly
Clay Holmes,2.55,3.15,0.15,1.05,2.88,0.423,C.Holmes
Jake Odorizzi,4.04,2.61,1.15,1.25,4.61,0.33299999999999996,J.Odorizzi
Matt Moore,2.05,2.11,0.27,1.2,3.88,0.313,M.Moore
Bryan Abreu,2.06,3.48,0.32,1.13,2.79,0.306,B.Abreu
Alex Vesia,2.36,3.0,0.36,1.19,3.13,0.336,A.Vesia
Chris Martin,3.4,15.75,1.07,1.03,2.2,0.419,C.Martin
Jose Alvarado,3.57,3.0,0.4,1.3,2.44,0.34700000000000003,J.Alvarado
Taylor Rogers,4.53,5.92,0.91,1.09,3.1,0.389,T.Rogers
Joe Mantiply,2.86,11.6,0.79,1.01,2.45,0.361,J.Mantiply
Matt Manning,3.28,3.14,0.78,1.13,4.19,0.34299999999999997,M.Manning
Braxton Garrett,3.68,3.95,0.98,1.19,3.48,0.35100000000000003,B.Garrett
Mitch White,5.05,2.37,0.82,1.41,4.35,0.325,M.White
Camilo Doval,2.49,2.74,0.59,1.22,3.06,0.344,C.Doval
Craig Kimbrel,3.96,2.91,0.52,1.34,3.83,0.418,C.Kimbrel
Bryan Baker,3.98,2.79,0.44,1.34,3.58,0.423,B.Baker
Zach Eflin,4.3,3.8,1.04,1.17,3.98,0.316,Z.Eflin
Collin McHugh,2.84,4.93,0.71,0.98,3.35,0.294,C.McHugh
Adrian Sampson,3.48,2.52,0.87,1.27,4.45,0.35200000000000004,A.Sampson
Dakota Hudson,4.16,1.33,0.6,1.4,4.79,0.405,D.Hudson
German Marquez,5.14,2.24,1.53,1.38,4.1,0.473,G.Marquez
Tyler Wells,3.93,2.92,1.43,1.1,4.57,0.384,T.Wells
Sean Manaea,5.18,3.15,1.75,1.33,3.94,0.419,S.Manaea
Walker Buehler,4.02,3.41,1.11,1.29,3.64,0.41600000000000004,W.Buehler
Adrian Houser,4.85,1.53,0.76,1.49,4.47,0.401,A.Houser
Michael Kopech,3.54,1.84,1.13,1.19,4.84,0.413,M.Kopech
Austin Voth,4.36,2.69,1.14,1.42,4.25,0.385,A.Voth
J.P. Feyereisen,0.0,5.0,0.0,0.49,3.56,0.39299999999999996,J.Feyereisen
Jorge Lopez,2.2,2.43,0.41,1.16,3.61,0.327,J.Lopez
Jakob Junis,4.15,4.05,1.2,1.2,3.66,0.40399999999999997,J.Junis
Hunter Greene,4.97,3.37,1.9,1.26,3.77,0.40399999999999997,H.Greene
Wandy Peralta,2.72,2.76,0.32,1.05,3.61,0.316,W.Peralta
Aaron Civale,5.4,3.75,1.2,1.31,3.93,0.401,A.Civale
Bailey Ober,3.49,4.25,0.47,1.16,4.39,0.325,B.Ober
Brayan Bello,5.1,2.0,0.0,1.7,3.81,0.38799999999999996,B.Bello
Pete Fairbanks,1.29,16.0,0.43,0.67,1.27,0.262,P.Fairbanks
Jose Berrios,4.99,3.49,1.59,1.38,4.17,0.43200000000000005,J.Berrios
Ian Anderson,5.0,1.8,0.97,1.51,4.22,0.405,I.Anderson
Dylan Bundy,4.68,3.48,1.42,1.26,4.64,0.379,D.Bundy
Alexis Diaz,1.86,2.53,0.78,0.98,3.91,0.336,A.Diaz
John Brebbia,2.9,2.72,0.58,1.29,4.51,0.373,J.Brebbia
Michael Fulmer,3.05,2.31,0.46,1.29,4.21,0.358,M.Fulmer
Roansy Contreras,3.24,2.11,1.08,1.27,4.48,0.467,R.Contreras
David Robertson,2.45,2.71,0.92,1.13,3.52,0.382,D.Robertson
Yimi Garcia,2.59,3.79,0.81,0.93,4.07,0.34,Y.Garcia
Dillon Tate,2.67,5.8,0.67,0.97,3.09,0.385,D.Tate
Spenser Watkins,4.37,2.24,1.05,1.34,4.74,0.37,S.Watkins
Andrew Heaney,2.66,5.75,1.77,1.05,2.81,0.415,A.Heaney
Sam Hentges,2.78,3.76,0.49,0.98,2.68,0.35600000000000004,S.Hentges
Andrew Bellatti,3.31,3.27,0.92,1.29,3.37,0.342,A.Bellatti
Nick Nelson,4.74,1.94,0.14,1.45,4.47,0.32799999999999996,N.Nelson
Zach Jackson,3.0,2.03,0.19,1.27,4.15,0.39,Z.Jackson
Aaron Ashby,4.58,2.7,1.31,1.43,3.26,0.34700000000000003,A.Ashby
Tyler Kinley,0.75,4.5,0.0,1.13,3.16,0.424,T.Kinley
Buck Farmer,3.29,2.24,0.44,1.27,3.91,0.375,B.Farmer
Chris Paddack,4.03,10.0,0.0,1.21,3.18,0.414,C.Paddack
David Phelps,2.79,2.11,0.16,1.29,4.09,0.359,D.Phelps
Adam Cimber,3.14,4.42,0.86,1.14,3.86,0.397,A.Cimber
Cionel Perez,1.38,2.4,0.35,1.17,3.73,0.38,C.Perez
Paul Blackburn,4.28,2.97,1.21,1.26,3.89,0.405,P.Blackburn
Taylor Hearn,4.85,2.29,1.05,1.47,4.17,0.41,T.Hearn
Adam Ottavino,2.01,4.53,0.93,0.98,2.95,0.303,A.Ottavino
Nabil Crismatt,2.98,2.82,0.57,1.2,3.51,0.363,N.Crismatt
Luis Severino,3.45,3.8,1.47,1.07,3.47,0.4,L.Severino
Kenley Jansen,3.76,3.79,1.31,1.09,3.55,0.331,K.Jansen
Austin Gomber,5.68,2.64,1.48,1.37,4.21,0.366,A.Gomber
Dylan Lee,2.51,6.13,1.05,1.09,3.12,0.40700000000000003,D.Lee
Enyel De Los Santos,3.17,3.31,0.56,1.12,3.32,0.444,E.De
MacKenzie Gore,4.5,1.95,0.9,1.47,4.42,0.45399999999999996,M.Gore
Trevor Rogers,5.47,2.36,1.26,1.5,4.11,0.374,T.Rogers
Lucas Luetge,2.75,3.79,0.69,1.3,3.96,0.22699999999999998,L.Luetge
Matt Strahm,2.95,3.92,0.68,1.08,3.71,0.33,M.Strahm
Zach Plesac,4.39,2.68,1.35,1.31,4.34,0.42,Z.Plesac
Dane Dunning,4.49,2.11,1.15,1.46,4.11,0.38,D.Dunning
Ryne Stanek,1.09,1.87,0.36,1.24,4.05,0.405,R.Stanek
Daniel Hudson,2.22,6.0,0.37,0.9,2.42,0.36700000000000005,D.Hudson
Hunter Harvey,3.16,4.0,0.29,1.18,3.38,0.46299999999999997,H.Harvey
Keegan Thompson,3.97,2.46,1.29,1.31,4.45,0.39399999999999996,K.Thompson
Andre Pallante,3.14,1.87,0.7,1.41,3.64,0.419,A.Pallante
Griffin Jax,3.34,3.84,0.94,1.04,3.31,0.382,G.Jax
Patrick Corbin,6.11,2.7,1.65,1.66,4.13,0.45299999999999996,P.Corbin
Clarke Schmidt,2.82,2.55,0.53,1.2,3.77,0.36,C.Schmidt
Tanner Houck,3.15,2.55,0.45,1.18,3.68,0.39299999999999996,T.Houck
Nathan Eovaldi,4.15,5.33,1.9,1.26,3.38,0.47100000000000003,N.Eovaldi
Penn Murfee,2.54,4.33,0.75,0.9,3.57,0.303,P.Murfee
Paul Sewald,2.62,4.19,1.23,0.77,3.52,0.311,P.Sewald
Jesse Chavez,3.5,3.53,1.02,1.33,3.33,0.46299999999999997,J.Chavez
Tylor Megill,5.01,4.27,1.31,1.21,3.04,0.33899999999999997,T.Megill
Daniel Lynch,5.15,2.35,1.46,1.59,4.28,0.474,D.Lynch
Kendall Graveman,2.82,2.63,0.74,1.37,3.3,0.345,K.Graveman
Tim Hill,2.95,2.27,0.0,1.2,3.79,0.341,T.Hill
Will Vest,3.77,2.95,0.63,1.26,3.29,0.451,W.Vest
Hoby Milner,3.88,3.8,0.62,1.17,3.43,0.33299999999999996,H.Milner
Dennis Santana,5.26,2.0,0.34,1.34,4.09,0.33299999999999996,D.Santana
Brusdar Graterol,3.02,3.9,0.6,0.94,3.23,0.25,B.Graterol
Domingo German,3.12,2.93,1.09,1.14,4.58,0.40399999999999997,D.German
James Karinchak,1.72,2.78,0.57,1.12,3.16,0.4,J.Karinchak
Connor Overton,1.82,1.43,0.0,0.89,4.72,0.444,C.Overton
Wade Miley,2.89,2.09,0.32,1.14,4.02,0.325,W.Miley
Andrew Chafin,3.06,4.38,0.9,1.06,3.24,0.33799999999999997,A.Chafin
Jason Foley,3.23,3.9,0.32,1.26,3.55,0.413,J.Foley
Jovani Moran,2.45,2.5,0.0,1.18,3.19,0.257,J.Moran
Eric Lauer,3.91,2.65,1.68,1.25,4.18,0.39399999999999996,E.Lauer
Chris Stratton,4.42,2.45,0.61,1.51,4.06,0.409,C.Stratton
Chris Flexen,3.78,1.8,1.12,1.36,5.14,0.401,C.Flexen
Brad Keller,5.12,1.75,1.13,1.49,4.41,0.409,B.Keller
Erick Fedde,5.29,1.59,1.34,1.56,4.74,0.447,E.Fedde
Alex Lange,3.83,2.79,0.8,1.24,3.1,0.348,A.Lange
Steven Matz,5.56,5.78,1.65,1.28,3.01,0.373,S.Matz
Lance McCullers Jr.,2.34,1.95,0.52,1.27,3.95,0.295,L.McCullers
Brad Boxberger,2.95,2.19,0.82,1.31,4.24,0.35600000000000004,B.Boxberger
Taylor Clarke,4.02,5.5,1.15,1.19,3.8,0.387,T.Clarke
Eduardo Rodriguez,4.35,2.11,1.12,1.33,4.49,0.369,E.Rodriguez
Kyle Bradish,5.05,2.51,1.42,1.45,4.08,0.41100000000000003,K.Bradish
Jalen Beeks,2.8,3.18,1.03,1.16,3.26,0.37200000000000005,J.Beeks
Trevor Williams,2.95,3.36,1.13,1.21,3.95,0.384,T.Williams
Lucas Gilbreath,4.19,1.88,0.42,1.47,4.06,0.40700000000000003,L.Gilbreath
Josh Hader,5.84,3.7,1.61,1.37,2.97,0.337,J.Hader
Caleb Ferguson,1.5,2.58,0.0,0.9,3.48,0.243,C.Ferguson
Duane Underwood Jr.,4.26,1.88,0.18,1.48,4.28,0.38299999999999995,D.Underwood
Jose Quijada,3.38,2.33,0.78,1.15,4.35,0.386,J.Quijada
Scott Barlow,2.43,3.53,1.22,1.04,3.47,0.301,S.Barlow
Chad Kuhl,5.33,1.87,1.68,1.5,4.81,0.439,C.Kuhl
Eli Morgan,3.6,6.18,1.5,0.9,3.4,0.355,E.Morgan
Kyle Finnegan,3.77,2.9,1.21,1.17,3.34,0.428,K.Finnegan
Jake Woodford,2.53,2.0,0.21,1.13,4.28,0.341,J.Woodford
Nick Martinez,3.26,2.44,1.27,1.27,4.03,0.37,N.Martinez
Carlos Estevez,3.44,2.41,0.98,1.18,4.14,0.391,C.Estevez
Brad Hand,2.22,1.65,0.2,1.28,4.89,0.254,B.Hand
Matt Brash,4.2,1.9,0.6,1.58,3.59,0.396,M.Brash
Kutter Crawford,5.47,2.66,1.4,1.42,4.34,0.389,K.Crawford
Connor Brogdon,3.13,5.63,1.45,1.21,3.13,0.308,C.Brogdon
Davis Martin,3.78,2.19,0.9,1.18,4.45,0.364,D.Martin
Tyler Rogers,4.01,2.1,0.4,1.28,4.2,0.304,T.Rogers
Zach Davies,4.06,2.16,1.48,1.25,4.47,0.34299999999999997,Z.Davies
Chris Archer,4.56,1.75,1.05,1.31,4.57,0.44,C.Archer
Ian Gibaut,4.65,3.15,0.87,1.48,3.35,0.38799999999999996,I.Gibaut
Daulton Jefferies,5.72,3.5,0.92,1.37,4.34,0.381,D.Jefferies
Michael Lorenzen,4.74,1.75,1.21,1.33,4.49,0.369,M.Lorenzen
Madison Bumgarner,5.01,2.23,1.41,1.48,4.86,0.43799999999999994,M.Bumgarner
Bailey Falter,3.68,4.13,1.72,1.16,4.34,0.376,B.Falter
Robert Suarez,2.7,2.72,0.9,1.1,3.38,0.33,R.Suarez
Trevor Megill,3.89,3.21,0.86,1.37,3.35,0.479,T.Megill
Kyle Hendricks,4.8,2.75,1.6,1.29,4.46,0.38799999999999996,K.Hendricks
Keegan Akin,2.99,3.89,1.19,1.05,3.37,0.377,K.Akin
Seth Lugo,3.22,3.65,1.07,1.18,3.46,0.311,S.Lugo
Dany Jimenez,3.41,1.89,0.52,1.19,4.48,0.43,D.Jimenez
Ryan Thompson,3.8,3.55,0.84,1.17,3.55,0.364,R.Thompson
Cody Stashak,3.86,15.0,0.55,0.98,3.64,0.44,C.Stashak
Justin Lawrence,4.25,2.2,0.75,1.44,3.49,0.359,J.Lawrence
Mark Melancon,4.86,1.62,0.54,1.6,4.64,0.382,M.Melancon
Amir Garrett,4.95,1.43,0.0,1.35,4.88,0.302,A.Garrett
Jose Urena,5.49,1.24,1.01,1.63,4.93,0.374,J.Urena
Ryan Feltner,6.05,2.48,1.57,1.44,4.32,0.446,R.Feltner
Hunter Brown,1.5,3.67,0.0,0.92,2.89,0.5670000000000001,H.Brown
Kyle Nelson,2.19,2.14,0.24,1.08,4.39,0.385,K.Nelson
Gregory Soto,3.5,1.83,0.33,1.39,4.56,0.41700000000000004,G.Soto
Shawn Armstrong,4.55,4.29,1.14,1.37,3.37,0.35200000000000004,S.Armstrong
Seth Martinez,2.09,2.71,0.7,1.03,3.92,0.324,S.Martinez
Hayden Wesneski,2.3,9.0,1.15,0.7,3.0,0.256,H.Wesneski
Jimmy Lambert,2.7,2.35,0.83,1.29,4.33,0.32299999999999995,J.Lambert
Dylan Floro,3.45,3.36,0.81,1.2,3.66,0.35100000000000003,D.Floro
Joey Wentz,4.15,3.75,0.52,1.04,3.79,0.4,J.Wentz
Luke Weaver,7.12,2.62,0.3,1.95,3.62,0.47600000000000003,L.Weaver
Yency Almonte,1.15,3.0,0.57,0.89,3.67,0.266,Y.Almonte
Jose Leclerc,3.09,2.61,1.03,1.1,4.44,0.321,J.Leclerc
Paolo Espino,4.24,4.25,1.64,1.32,4.05,0.392,P.Espino
Packy Naughton,4.8,4.29,0.9,1.4,3.34,0.33299999999999996,P.Naughton
Ryan Brasier,6.02,4.75,1.3,1.37,3.53,0.46399999999999997,R.Brasier
Carl Edwards Jr.,2.73,2.22,0.96,1.16,3.98,0.331,C.Edwards
Edward Cabrera,2.7,2.1,1.2,1.08,4.22,0.326,E.Cabrera
Wil Crowe,3.54,1.91,0.73,1.3,4.16,0.313,W.Crowe
Colin Holderman,3.81,1.71,0.0,1.2,4.79,0.32899999999999996,C.Holderman
Mike Clevinger,4.47,2.59,1.64,1.22,4.71,0.396,M.Clevinger
Erasmo Ramirez,3.03,4.31,1.16,1.1,3.99,0.34700000000000003,E.Ramirez
Adrian Morejon,4.18,4.17,0.96,1.18,4.25,0.41200000000000003,A.Morejon
Tanner Scott,4.4,1.95,0.78,1.59,3.55,0.33299999999999996,T.Scott
A.J. Puk,3.19,3.4,0.91,1.13,3.58,0.33299999999999996,A.Puk
Johan Oviedo,3.69,2.0,0.92,1.44,4.21,0.35200000000000004,J.Oviedo
Jordan Hicks,4.92,1.8,0.75,1.31,4.04,0.32,J.Hicks
Zach Pop,3.41,6.33,0.57,1.23,3.65,0.47200000000000003,Z.Pop
Richard Bleier,3.45,2.8,0.61,1.53,3.83,0.40299999999999997,R.Bleier
Matt Bush,3.54,4.31,1.52,1.03,3.12,0.374,M.Bush
Peter Strzelecki,3.71,2.67,0.68,1.43,3.79,0.425,P.Strzelecki
Jackson Stephens,3.72,2.26,0.59,1.33,3.93,0.321,J.Stephens
Ryan Yarbrough,4.33,2.86,1.14,1.34,4.7,0.313,R.Yarbrough
Phil Bickford,4.37,4.5,1.4,1.09,3.59,0.33299999999999996,P.Bickford
Drew Hutchison,4.59,1.63,1.13,1.47,4.88,0.39399999999999996,D.Hutchison
Lou Trivino,4.69,2.77,0.94,1.69,3.34,0.46399999999999997,L.Trivino
Alex Colome,5.2,1.48,0.6,1.64,4.48,0.461,A.Colome
Joel Kuhnel,5.75,4.08,1.22,1.3,3.31,0.384,J.Kuhnel
Austin Davis,5.79,1.94,0.8,1.61,4.66,0.309,A.Davis
Ryne Nelson,1.47,2.67,0.98,0.82,4.7,0.36200000000000004,R.Nelson
Ron Marinaccio,1.88,2.45,0.47,1.02,4.02,0.256,R.Marinaccio
Chad Green,3.0,3.2,0.6,1.2,4.16,0.439,C.Green
Tanner Rainey,3.3,2.77,1.5,1.3,3.99,0.43,T.Rainey
Bryce Elder,3.67,1.58,0.79,1.37,4.71,0.41200000000000003,B.Elder
Konnor Pilkington,3.88,1.56,0.93,1.47,4.86,0.44299999999999995,K.Pilkington
Manny Banuelos,4.08,2.0,0.25,1.22,3.93,0.36200000000000004,M.Banuelos
Kevin Ginkel,4.09,2.63,0.41,1.41,3.84,0.354,K.Ginkel
Brett Martin,4.14,2.22,0.72,1.36,3.81,0.396,B.Martin
Mike Baumann,4.26,2.17,0.47,1.47,4.49,0.419,M.Baumann
Jonathan Loaisiga,4.35,1.88,0.65,1.31,3.94,0.317,J.Loaisiga
Victor Arano,4.5,3.67,1.07,1.4,3.46,0.354,V.Arano
Joely Rodriguez,4.73,2.12,0.59,1.42,3.51,0.308,J.Rodriguez
Garrett Cleavinger,5.02,5.0,0.63,1.05,2.92,0.429,G.Cleavinger
Garrett Richards,5.27,2.77,0.63,1.34,3.94,0.38299999999999995,G.Richards
Alex Faedo,5.53,1.76,1.17,1.64,5.03,0.391,A.Faedo
Joe Kelly,6.42,2.19,0.53,1.6,3.31,0.314,J.Kelly
Sean Doolittle,0.0,6.0,0.0,0.19,3.09,0.636,S.Doolittle
John Means,3.38,3.5,0.0,1.25,3.78,0.4,J.Means
Pierce Johnson,3.38,3.5,0.0,1.25,1.66,0.313,P.Johnson
Aaron Loup,3.96,2.5,0.69,1.3,3.97,0.335,A.Loup
Julian Merryweather,5.19,4.4,1.04,1.27,4.11,0.42200000000000004,J.Merryweather
Mychal Givens,3.43,2.84,1.19,1.33,3.65,0.374,M.Givens
Diego Castillo,4.02,2.14,0.77,1.26,3.94,0.31,D.Castillo
Nick Sandlin,2.09,1.57,0.47,1.19,4.3,0.374,N.Sandlin
JP Sears,3.9,2.25,1.3,1.3,4.72,0.462,J.Sears
Dylan Coleman,2.66,1.75,0.74,1.25,4.59,0.369,D.Coleman
Matt Wisler,2.25,2.5,1.23,1.0,4.9,0.307,M.Wisler
Rony Garcia,4.41,3.69,1.59,1.04,4.15,0.511,R.Garcia
Zach Thompson,5.2,1.86,1.5,1.55,4.47,0.384,Z.Thompson
Vince Velasquez,5.24,2.67,1.48,1.27,4.64,0.433,V.Velasquez
Aaron Sanchez,6.34,2.47,1.14,1.57,4.33,0.46,A.Sanchez
Jonathan Hernandez,2.59,1.53,0.0,1.48,4.04,0.485,J.Hernandez
Tanner Banks,3.24,2.65,0.9,1.16,3.7,0.39899999999999997,T.Banks
Dustin May,3.46,2.08,1.04,1.0,4.29,0.344,D.May
Jeff Hoffman,3.83,1.96,1.01,1.41,5.07,0.389,J.Hoffman
Robert Stephenson,5.77,3.69,1.53,1.38,4.25,0.41600000000000004,R.Stephenson
Kris Bubic,5.81,1.66,1.36,1.71,4.63,0.45399999999999996,K.Bubic
Yonny Chirinos,0.0,6.0,0.0,1.14,3.1,0.455,Y.Chirinos
Drey Jameson,0.0,5.0,0.0,0.43,3.17,0.5,D.Jameson
Javier Assad,3.86,1.5,1.16,1.54,4.64,0.4,J.Assad
Matt Foster,4.4,2.47,1.2,1.33,4.39,0.336,M.Foster
Dinelson Lamet,5.72,2.6,1.27,1.48,3.73,0.431,D.Lamet
Kaleb Ort,5.79,1.69,0.39,1.76,5.25,0.47200000000000003,K.Ort
Ty Blach,6.3,2.0,0.9,1.45,4.84,0.376,T.Blach
Janson Junk,6.48,3.67,1.08,1.56,2.44,0.348,J.Junk
Max Kranick,0.0,1.33,0.0,1.2,5.09,0.16699999999999998,M.Kranick
Fernando Cruz,1.13,2.0,0.0,1.0,4.53,0.222,F.Cruz
Denyi Reyes,2.35,3.0,0.0,1.17,4.66,0.519,D.Reyes
Justin Wilson,2.45,7.0,0.0,0.82,0.1,0.33299999999999996,J.Wilson
Kyle Barraclough,3.0,2.25,0.0,1.22,4.26,0.41700000000000004,K.Barraclough
Alex Young,3.06,1.6,0.0,1.7,4.17,0.4,A.Young
Phoenix Sanders,3.07,4.0,0.0,1.02,3.71,0.452,P.Sanders
Chris Sale,3.18,5.0,0.0,1.06,3.19,0.389,C.Sale
Tommy Nance,4.54,2.79,1.13,1.54,3.19,0.379,T.Nance
Wyatt Mills,4.6,2.0,0.31,1.33,4.65,0.31,W.Mills
Archie Bradley,4.82,2.14,0.48,1.29,3.82,0.321,A.Bradley
Tony Santillan,5.49,1.75,0.46,1.78,5.15,0.39,T.Santillan
DL Hall,8.64,2.0,0.0,1.8,3.93,0.24,D.Hall
Adbert Alzolay,9.0,5.0,0.0,1.5,-0.39,0.667,A.Alzolay
Luis Gil,9.0,2.5,0.0,1.75,3.22,0.41700000000000004,L.Gil
Tim Mayza,2.72,4.0,1.26,1.05,2.96,0.38799999999999996,T.Mayza
Miguel Castro,4.0,2.31,0.67,1.41,4.04,0.324,M.Castro
Steven Wilson,3.09,2.65,1.35,1.05,4.73,0.366,S.Wilson
Collin Snider,6.68,1.58,0.58,1.58,4.39,0.447,C.Snider
Jose Cuas,3.28,1.62,0.5,1.63,4.43,0.34299999999999997,J.Cuas
Joel Payamps,3.29,2.56,1.15,1.39,4.06,0.413,J.Payamps
Domingo Acevedo,3.45,3.31,1.15,0.99,3.96,0.33,D.Acevedo
Beau Brieske,4.19,2.16,1.54,1.2,4.78,0.413,B.Brieske
Humberto Castellanos,5.68,2.67,1.42,1.4,4.69,0.377,H.Castellanos
Josh Staumont,6.45,1.48,0.72,1.75,4.99,0.43700000000000006,J.Staumont
Derek Law,1.32,1.67,0.66,1.46,4.38,0.261,D.Law
David Price,2.58,4.63,1.41,1.17,3.04,0.377,D.Price
Jaime Barria,2.69,2.58,1.22,1.02,4.45,0.35700000000000004,J.Barria
Aaron Bummer,2.91,2.5,0.83,1.52,3.08,0.5,A.Bummer
Kyle Crick,4.02,1.73,0.0,1.34,4.12,0.235,K.Crick
Trevor Gott,4.03,4.0,1.42,1.0,3.63,0.337,T.Gott
Jake Cousins,4.5,2.6,1.13,1.63,3.41,0.368,J.Cousins
Hyun-Jin Ryu,5.67,4.0,1.67,1.33,4.24,0.441,H.Ryu
Angel Rondon,0.0,1.33,0.0,0.8,5.69,0.231,A.Rondon
Jose Cisnero,1.45,1.08,0.0,1.23,5.32,0.255,J.Cisnero
Zack Thompson,2.22,1.67,0.64,1.09,4.23,0.366,Z.Thompson
Mason Thompson,2.76,1.5,0.55,0.98,4.93,0.34,M.Thompson
Jhonathan Diaz,2.93,1.1,0.59,1.5,4.99,0.467,J.Diaz
Manuel Rodriguez,3.0,1.2,0.0,1.33,4.43,0.222,M.Rodriguez
Reyes Moronta,3.9,2.62,1.39,1.11,4.56,0.345,R.Moronta
Daniel Castano,4.04,2.22,1.26,1.43,4.37,0.336,D.Castano
Jose Ruiz,4.37,2.21,1.13,1.4,3.97,0.47,J.Ruiz
Shane Baz,5.0,3.33,1.67,1.33,3.43,0.506,S.Baz
Juan Minaya,5.59,2.2,0.0,1.34,4.54,0.34600000000000003,J.Minaya
Logan Allen,5.87,1.4,0.0,2.22,5.57,0.37,L.Allen
Nick Wittgren,5.9,1.7,0.31,1.55,5.13,0.34,N.Wittgren
Josh Sborz,6.45,2.91,1.61,1.61,3.25,0.474,J.Sborz
Joan Adon,7.1,1.41,1.11,1.78,5.06,0.36700000000000005,J.Adon
James Norwood,8.31,2.44,1.04,1.9,3.76,0.46299999999999997,J.Norwood
Justin Topa,0.0,1.5,0.0,1.62,3.45,0.33299999999999996,J.Topa
Ryan Castellani,0.0,1.0,0.0,0.75,3.47,0.5,R.Castellani
Andre Jackson,0.0,1.5,0.0,1.88,5.34,0.375,A.Jackson
Luis Ortiz,0.0,1.67,0.0,0.71,4.77,0.385,L.Ortiz
Jake Fishman,1.13,5.0,0.0,0.75,4.1,0.45799999999999996,J.Fishman
Marcos Diplan,1.59,1.6,0.0,1.59,3.72,0.429,M.Diplan
Mark Appel,1.74,1.67,0.0,1.16,4.31,0.5,M.Appel
Scott Alexander,1.74,7.0,0.87,0.87,2.76,0.33299999999999996,S.Alexander
Drew Carlton,2.08,7.0,1.04,0.46,3.21,0.36,D.Carlton
Gabe Speier,2.33,2.8,0.93,1.09,4.2,0.32799999999999996,G.Speier
Cooper Criswell,2.7,4.0,0.0,0.9,2.95,0.25,C.Criswell
Max Castillo,2.97,4.0,1.78,0.99,3.42,0.429,M.Castillo
Steven Brault,3.0,1.6,0.0,1.44,5.31,0.36,S.Brault
Zack Kelly,3.52,1.75,0.0,1.3,3.82,0.28600000000000003,Z.Kelly
Jhon Romero,3.6,6.0,0.0,2.0,1.6,0.41200000000000003,J.Romero
Parker Mushinski,3.68,2.67,0.0,1.09,3.58,0.222,P.Mushinski
Logan Gillaspie,3.75,2.5,0.0,1.58,4.76,0.435,L.Gillaspie
Austin Brice,4.05,1.67,0.0,1.05,4.3,0.368,A.Brice
Eric Stout,4.22,1.6,0.42,1.73,5.34,0.344,E.Stout
Michael Grove,4.4,1.83,1.26,1.4,5.01,0.469,M.Grove
Mauricio Llovera,4.41,2.5,1.1,1.35,3.58,0.205,M.Llovera
Yerry De Los Santos,4.91,2.36,1.05,1.29,3.93,0.392,Y.De
Matt Barnes,5.08,1.67,0.53,1.51,5.01,0.456,M.Barnes
Daniel Mengden,5.14,8.0,1.29,1.57,2.95,0.348,D.Mengden
Casey Mize,5.4,2.0,0.9,1.5,5.58,0.41,C.Mize
Norge Ruiz,6.43,5.33,0.64,1.64,3.38,0.4,N.Ruiz
Tayler Scott,6.75,2.17,0.75,2.08,3.93,0.4,T.Scott
Kevin Herget,6.75,1.0,0.0,0.75,5.7,0.556,K.Herget
Ken Waldichuk,7.13,2.43,1.53,1.58,4.65,0.491,K.Waldichuk
Sean Hjelle,9.75,3.0,0.75,2.17,2.97,0.442,S.Hjelle
Bryce Montes de Oca,10.8,3.0,0.0,2.7,2.2,0.182,B.Montes
Cade Cavalli,14.54,3.0,0.0,1.85,5.52,0.33299999999999996,C.Cavalli
Glenn Otto,4.88,1.59,1.3,1.37,4.97,0.387,G.Otto
Chase De Jong,2.4,2.0,1.13,1.07,4.83,0.382,C.De
Steven Okert,2.5,2.54,1.25,1.13,4.04,0.306,S.Okert
Tyler Matzek,3.16,1.6,0.73,1.16,5.21,0.384,T.Matzek
Ryan Tepera,3.96,2.33,1.2,1.09,4.3,0.278,R.Tepera
Dominic Leone,4.01,2.17,1.09,1.6,4.12,0.41100000000000003,D.Leone
Josh Winder,4.17,2.19,1.5,1.26,4.9,0.353,J.Winder
Rowan Wick,4.27,2.21,1.22,1.73,3.77,0.401,R.Wick
Reiver Sanmartin,6.53,1.65,1.24,1.73,4.35,0.374,R.Sanmartin
Corey Knebel,3.43,1.46,0.81,1.37,4.85,0.39,C.Knebel
Trevor Richards,5.4,2.21,1.39,1.51,4.14,0.392,T.Richards
Greg Weissert,6.75,2.5,0.96,1.07,4.65,0.28,G.Weissert
Wily Peralta,2.58,1.33,0.47,1.51,4.79,0.387,W.Peralta
Sam Moll,2.91,2.09,1.04,1.27,4.05,0.353,S.Moll
Jandel Gustave,3.86,2.45,1.29,1.29,4.06,0.425,J.Gustave
Mark Leiter,4.06,2.78,1.45,1.15,3.74,0.33899999999999997,M.Leiter
Darren O'Day,4.15,2.6,1.25,1.34,4.15,0.33299999999999996,D.O'Day
Trevor May,5.23,3.83,1.74,1.4,3.84,0.452,T.May
Matthew Liberatore,5.46,1.79,1.52,1.69,4.94,0.495,M.Liberatore
Cristopher Sanchez,5.59,2.13,1.22,1.35,4.1,0.376,C.Sanchez
Jake Reed,6.14,1.5,1.23,1.43,5.44,0.512,J.Reed
Josh Fleming,6.23,2.08,0.89,1.91,3.77,0.418,J.Fleming
Chris Devenski,7.59,9.0,1.69,1.41,4.21,0.514,C.Devenski
Austin Adams,0.0,0.67,0.0,1.29,5.25,0.5,A.Adams
Matthew Boyd,0.0,0.8,0.0,1.2,5.4,0.273,M.Boyd
Kyle Tyler,0.0,2.0,0.0,0.75,3.6,0.273,K.Tyler
Blake Treinen,1.8,6.0,1.8,0.4,1.9,0.1,B.Treinen
Luke Bard,1.8,1.14,0.0,0.93,5.03,0.33299999999999996,L.Bard
Hirokazu Sawamura,3.73,1.48,0.71,1.42,4.51,0.44799999999999995,H.Sawamura
Touki Toussaint,4.62,1.37,0.71,1.34,4.78,0.373,T.Toussaint
Tyler Cyr,4.7,8.0,2.35,1.17,2.77,0.522,T.Cyr
Adonis Medina,6.08,2.83,0.76,1.52,4.38,0.5539999999999999,A.Medina
Anthony Banda,6.75,2.31,1.35,2.1,4.5,0.322,A.Banda
Ashton Goudeau,7.08,1.6,1.33,1.72,5.06,0.456,A.Goudeau
Lucas Sims,9.45,0.83,0.0,1.65,5.87,0.263,L.Sims
Kyle Muller,10.57,1.14,1.17,1.83,4.92,0.217,K.Muller
Luis Frias,12.34,1.0,0.0,2.14,6.05,0.439,L.Frias
Charlie Culberson,0.0,0.0,0.0,1.0,6.84,0.28600000000000003,C.Culberson
Sandy Leon,0.0,0.0,0.0,0.0,6.83,0.0,S.Leon
Marwin Gonzalez,0.0,0.0,0.0,0.0,3.11,1.0,M.Gonzalez
Jay Jackson,0.0,1.0,0.0,0.75,3.84,0.75,J.Jackson
Ehire Adrianza,0.0,1.0,0.0,1.0,7.08,0.0,E.Adrianza
Darin Ruf,0.0,0.0,0.0,0.5,6.83,0.5710000000000001,D.Ruf
Randal Grichuk,0.0,0.0,0.0,0.0,4.59,0.33299999999999996,R.Grichuk
Phil Gosselin,0.0,0.0,0.0,0.0,4.59,0.0,P.Gosselin
Jace Peterson,0.0,0.0,0.0,0.0,4.59,0.0,J.Peterson
Alex Claudio,0.0,1.0,0.0,0.9,4.6,0.222,A.Claudio
Ken Giles,0.0,1.5,0.0,1.15,4.14,0.25,K.Giles
Kevin Plawecki,0.0,0.0,0.0,1.0,7.57,0.5,K.Plawecki
Franmil Reyes,0.0,1.0,0.0,0.0,4.11,0.0,F.Reyes
Silvino Bracho,0.0,0.0,0.0,0.0,6.11,0.33299999999999996,S.Bracho
Jack Mayfield,0.0,0.0,0.0,1.0,6.08,0.0,J.Mayfield
Zack Weiss,0.0,1.4,0.0,1.17,4.51,0.5379999999999999,Z.Weiss
Willians Astudillo,0.0,0.0,0.0,1.0,6.85,0.2,W.Astudillo
Reese McGuire,0.0,0.0,0.0,0.0,6.08,0.33299999999999996,R.McGuire
Pablo Reyes,0.0,0.0,0.0,0.0,4.59,0.0,P.Reyes
Vinny Nittoli,0.0,1.0,0.0,0.5,6.59,0.0,V.Nittoli
Justus Sheffield,0.0,1.5,0.0,0.6,4.0,0.278,J.Sheffield
Jermaine Palacios,0.0,1.0,0.0,0.0,-2.89,,J.Palacios
Conner Menez,0.0,1.0,0.0,1.0,5.59,0.33299999999999996,C.Menez
Kyle Dowdy,0.0,1.0,0.0,1.26,5.93,0.35,K.Dowdy
Brian Serven,0.0,0.0,0.0,1.0,7.59,0.0,B.Serven
Jorge Alcala,0.0,1.0,0.0,1.71,5.24,0.16699999999999998,J.Alcala
Andrew Knizner,0.0,0.0,0.0,1.5,5.34,0.33299999999999996,A.Knizner
Sheldon Neuse,0.0,0.0,0.0,0.27,5.95,0.41700000000000004,S.Neuse
Jordan Sheffield,0.0,0.5,0.0,2.0,5.85,0.6,J.Sheffield
Mike Brosseau,0.0,0.0,0.0,1.0,5.1,0.5,M.Brosseau
Darick Hall,0.0,0.0,0.0,3.0,7.57,0.0,D.Hall
Ryan McKenna,0.0,0.0,0.0,9.0,12.11,0.33299999999999996,R.McKenna
Michel Baez,0.0,2.0,0.0,0.5,2.59,0.4,M.Baez
Riley O'Brien,0.0,1.0,0.0,2.0,4.11,0.667,R.O'Brien
Bowden Francis,0.0,1.0,0.0,1.5,0.11,0.0,B.Francis
Aneurys Zabala,0.0,2.0,0.0,1.5,4.96,0.5,A.Zabala
Nick Duron,0.0,1.0,0.0,2.0,1.11,0.33299999999999996,N.Duron
Michael Plassmeyer,0.0,1.0,0.0,0.0,3.84,0.0,M.Plassmeyer
Freddy Tarnok,0.0,1.0,0.0,1.5,0.11,0.5,F.Tarnok
William Woods,0.0,2.0,0.0,1.5,4.09,0.2,W.Woods
Cam Alldred,0.0,1.0,0.0,1.0,2.59,0.0,C.Alldred
Nate Fisher,0.0,0.5,0.0,1.0,6.92,0.25,N.Fisher
Ryan Weber,0.84,3.0,0.84,0.66,3.8,0.424,R.Weber
Matt Gage,1.38,2.0,0.69,0.92,4.13,0.32299999999999995,M.Gage
Danny Coulombe,1.46,1.0,0.0,1.3,5.53,0.257,D.Coulombe
Jesus Tinoco,2.19,1.29,0.73,1.14,4.8,0.4,J.Tinoco
Christian Bethancourt,2.25,1.0,2.25,1.75,7.82,0.41200000000000003,C.Bethancourt
Michael Kelly,2.25,4.0,2.25,1.0,4.47,0.1,M.Kelly
Tommy Hunter,2.42,3.67,1.61,1.21,3.94,0.455,T.Hunter
Enoli Paredes,3.0,0.67,0.0,2.0,5.77,0.444,E.Paredes
Cole Waites,3.0,0.33,0.0,2.0,6.93,0.556,C.Waites
Tyler Holton,3.0,3.0,1.0,1.11,5.42,0.36700000000000005,T.Holton
Tyler Thornburg,3.32,1.27,0.47,1.42,5.95,0.361,T.Thornburg
Jordan Holloway,3.38,2.0,0.0,1.5,3.29,0.125,J.Holloway
Roenis Elias,3.52,2.0,1.17,1.3,4.66,0.292,R.Elias
Nick Neidert,3.6,3.0,1.8,1.0,3.69,0.588,N.Neidert
Beau Sulser,3.86,2.11,1.29,1.48,4.36,0.385,B.Sulser
Brennan Bernardino,3.86,0.0,0.0,2.14,8.23,0.364,B.Bernardino
Reiss Knehr,3.95,2.5,0.66,1.1,5.36,0.512,R.Knehr
Justin Grimm,4.11,1.57,0.59,1.63,5.28,0.275,J.Grimm
Evan Lee,4.15,1.0,1.04,1.85,6.32,0.429,E.Lee
Kenny Rosenberg,4.22,1.33,0.84,1.41,5.53,0.33299999999999996,K.Rosenberg
Danny Young,4.26,3.0,1.42,2.05,4.04,0.33299999999999996,D.Young
Phillips Valdez,4.41,1.86,0.0,1.16,5.09,0.326,P.Valdez
Harold Castro,4.5,1.0,0.0,1.75,6.71,0.733,H.Castro
Jeff Brigham,4.5,2.63,1.5,1.39,4.09,0.408,J.Brigham
Pedro Avila,4.5,5.0,2.25,1.0,3.22,0.364,P.Avila
Anthony Kay,4.5,3.0,0.0,1.5,3.85,1.0,A.Kay
Kody Clemens,4.5,1.0,0.0,1.83,5.26,0.385,K.Clemens
Cristofer Ogando,4.5,1.0,0.0,1.0,5.09,0.667,C.Ogando
Robert Gsellman,4.7,3.0,1.17,1.3,4.27,0.5,R.Gsellman
Gregory Santos,4.91,0.67,0.0,1.64,5.28,0.33299999999999996,G.Santos
Louie Varland,5.23,3.33,1.74,1.45,3.77,0.484,L.Varland
Sam Coonrod,5.4,1.83,0.77,1.29,4.81,0.29,S.Coonrod
Luke Farrell,5.4,2.0,1.8,1.67,4.62,0.429,L.Farrell
Ryan Hendrix,5.4,1.5,0.0,1.8,5.08,0.33299999999999996,R.Hendrix
Matt Peacock,5.4,1.5,0.9,1.6,4.0,0.361,M.Peacock
Alejo Lopez,5.4,0.0,5.4,0.6,7.57,0.33299999999999996,A.Lopez
Nicholas Padilla,5.4,0.5,0.0,2.4,7.29,0.5,N.Padilla
Drew Steckenrider,5.65,2.0,1.26,1.81,4.63,0.358,D.Steckenrider
Luis Gonzalez,5.68,0.0,0.0,1.58,5.22,0.276,L.Gonzalez
Edwin Uceta,5.82,1.86,1.06,1.24,4.91,0.385,E.Uceta
Anderson Severino,6.14,2.25,0.0,1.5,4.12,0.526,A.Severino
Robert Dugger,6.19,2.71,1.69,1.63,3.9,0.5,R.Dugger
Patrick Murphy,6.35,0.5,0.0,2.82,7.51,0.273,P.Murphy
Anthony DeSclafani,6.63,4.25,1.89,2.0,4.14,0.45799999999999996,A.DeSclafani
Matt Reynolds,6.75,0.0,0.0,2.25,10.95,0.429,M.Reynolds
Jake Hager,7.71,1.0,0.0,1.29,4.16,0.222,J.Hager
Raynel Espinal,7.71,5.0,1.93,1.5,3.52,0.467,R.Espinal
Collin Wiles,8.31,5.0,2.08,2.08,2.52,0.2,C.Wiles
Zac Lowther,8.44,0.5,0.0,1.88,7.21,0.45799999999999996,Z.Lowther
Cesar Valdez,9.0,0.0,0.0,2.0,3.11,0.4,C.Valdez
Chris Owings,9.0,0.0,0.0,2.0,4.59,0.4,C.Owings
Tucker Barnhart,9.0,0.0,0.0,3.0,6.08,0.0,T.Barnhart
Yolmer Sanchez,9.0,0.0,0.0,3.0,7.57,0.33299999999999996,Y.Sanchez
Jackie Bradley Jr.,9.0,0.33,0.0,4.0,11.59,0.33299999999999996,J.Bradley
Rob Zastryzny,9.0,1.0,0.0,1.0,2.59,0.33299999999999996,R.Zastryzny
Jose Castillo,9.0,1.0,0.0,2.0,5.59,1.0,J.Castillo
Damon Jones,9.64,1.0,0.0,1.93,7.38,0.385,D.Jones
Ryan Weathers,9.82,0.75,0.0,2.73,6.37,0.35700000000000004,R.Weathers
Caleb Kilian,10.32,0.75,0.0,2.03,6.8,0.441,C.Kilian
Cam Vieaux,10.38,3.0,2.08,2.31,3.78,0.444,C.Vieaux
Alcides Escobar,10.8,0.0,0.0,2.4,7.6,0.375,A.Escobar
Pedro Baez,11.57,0.67,0.0,3.43,7.8,0.545,P.Baez
Foster Griffin,12.46,0.5,0.0,2.31,7.02,0.47100000000000003,F.Griffin
Stephen Strasburg,13.5,2.5,1.93,2.14,4.49,0.33299999999999996,S.Strasburg
Jake Walsh,13.5,2.5,0.0,1.88,4.41,0.7140000000000001,J.Walsh
Cody Sedlock,15.0,3.0,0.0,2.33,3.59,0.667,C.Sedlock
Matt Dermody,18.0,0.5,0.0,4.0,7.11,0.75,M.Dermody
Shaun Anderson,18.0,0.0,0.0,4.0,7.57,0.429,S.Anderson
Victor Caratini,27.0,0.0,0.0,3.0,12.08,0.4,V.Caratini
Chad Pinder,27.0,0.0,0.0,4.0,13.59,0.25,C.Pinder
Nick Maton,27.0,0.0,0.0,4.0,6.08,0.5710000000000001,N.Maton
Frank German,36.0,0.0,0.0,4.0,9.11,0.0,F.German
Andrelton Simmons,45.0,0.0,0.0,6.0,12.06,0.375,A.Simmons
Marco Gonzales,4.01,1.96,1.46,1.32,4.93,0.353,M.Gonzales
Joey Krehbiel,3.0,2.87,1.33,1.11,4.17,0.32299999999999995,J.Krehbiel
Devin Smeltzer,3.71,2.11,1.66,1.22,4.98,0.38799999999999996,D.Smeltzer
Brent Suter,3.92,2.4,1.21,1.26,4.12,0.295,B.Suter
Nick Vespi,4.21,3.5,1.75,1.36,3.31,0.408,N.Vespi
Dillon Peters,4.58,1.53,1.14,1.32,4.9,0.361,D.Peters
Josh Winckowski,5.75,1.58,1.34,1.56,4.66,0.45299999999999996,J.Winckowski
Joe Barlow,3.16,2.67,1.15,1.05,4.72,0.40700000000000003,J.Barlow
Michael Rucker,4.25,2.53,1.48,1.29,4.13,0.379,M.Rucker
Hunter Strickland,5.11,1.59,1.12,1.56,5.27,0.371,H.Strickland
Angel Zerpa,1.64,1.0,1.64,1.09,5.0,0.5529999999999999,A.Zerpa
Albert Abreu,3.32,1.73,1.18,1.47,4.33,0.355,A.Abreu
Drew Smith,3.51,3.36,1.76,1.15,3.8,0.5,D.Smith
Matthew Festa,4.08,4.07,1.75,1.14,3.45,0.299,M.Festa
Jackson Tetreault,5.14,0.9,1.71,1.57,5.8,0.5710000000000001,J.Tetreault
Jarlin Garcia,3.2,2.94,1.37,1.15,4.22,0.431,J.Garcia
Anthony Bender,3.26,2.13,1.4,1.29,3.67,0.34600000000000003,A.Bender
Sean Poppen,3.91,1.73,1.07,1.38,4.73,0.34700000000000003,S.Poppen
Blake Taylor,3.94,0.9,0.56,1.56,5.53,0.309,B.Taylor
Andres Machado,3.99,1.82,1.09,1.39,4.41,0.419,A.Machado
Cole Sulser,5.29,2.38,1.59,1.62,3.73,0.42100000000000004,C.Sulser
Yoan Lopez,5.73,2.0,1.64,1.73,5.22,0.5429999999999999,Y.Lopez
Shane Greene,6.0,2.0,3.0,1.33,5.75,0.4,S.Greene
Jake McGee,6.81,2.08,1.46,1.43,5.54,0.42100000000000004,J.McGee
Oliver Perez,15.75,1.0,2.25,2.25,7.45,0.28600000000000003,O.Perez
Parker Markel,0.0,0.6,0.0,2.0,7.59,0.8,P.Markel
Cody Morris,2.3,1.67,1.72,1.53,4.53,0.386,C.Morris
Michael Feliz,2.7,2.0,2.7,0.9,2.95,0.429,M.Feliz
Angel De Jesus,2.89,2.33,1.93,1.18,6.08,0.5329999999999999,A.De
Hanser Alberto,3.38,0.33,1.13,1.38,7.7,0.387,H.Alberto
Brandon Bielak,3.65,3.0,1.46,1.22,4.67,0.4,B.Bielak
Phil Maton,3.75,2.82,1.25,1.28,3.86,0.293,P.Maton
Cody Poteet,3.86,1.91,1.29,1.21,4.11,0.415,C.Poteet
Spencer Patton,3.86,1.67,1.29,1.0,5.31,0.368,S.Patton
Huascar Brazoban,4.01,1.94,1.09,1.54,3.83,0.322,H.Brazoban
Trent Thornton,4.3,2.25,1.43,1.27,4.49,0.45,T.Thornton
Sam Selman,4.3,4.0,1.84,1.09,3.47,0.368,S.Selman
Ross Detwiler,4.44,2.8,1.71,1.56,3.93,0.40700000000000003,R.Detwiler
Gerardo Reyes,4.5,0.0,4.5,3.0,12.07,0.33299999999999996,G.Reyes
Matt Batten,4.5,1.0,4.5,1.0,6.57,0.28600000000000003,M.Batten
Dusten Knight,4.5,2.0,2.25,1.38,4.59,0.37,D.Knight
Rico Garcia,4.5,0.67,2.25,1.38,6.89,0.467,R.Garcia
Adam Kolarek,4.58,1.13,0.51,1.58,4.71,0.39,A.Kolarek
Jeremy Beasley,4.8,3.8,2.4,1.27,3.96,0.395,J.Beasley
Corbin Martin,4.84,1.75,1.21,1.66,4.7,0.529,C.Martin
Alexander Wells,4.91,6.0,4.91,1.36,1.86,0.6,A.Wells
Jeremiah Estrada,4.91,2.0,2.45,1.91,4.59,0.364,J.Estrada
James Naile,5.0,2.5,2.0,1.11,4.15,0.5329999999999999,J.Naile
Taylor Widener,5.23,2.33,1.74,1.65,5.79,0.447,T.Widener
Sean Reid-Foley,5.4,1.14,0.9,1.4,5.99,0.35700000000000004,S.Reid-Foley
Anthony Misiewicz,5.4,2.5,1.66,1.48,4.36,0.424,A.Misiewicz
Cole Ragans,5.68,1.21,1.78,1.58,5.36,0.301,C.Ragans
Xzavion Curry,5.79,0.5,0.96,2.04,6.95,0.324,X.Curry
Tanner Tully,6.0,0.33,1.5,2.33,7.92,0.455,T.Tully
Paul Fry,6.23,1.56,0.69,1.54,3.95,0.5,P.Fry
Jordan Weems,6.28,2.73,1.88,1.4,4.03,0.43,J.Weems
Cole Sands,6.75,2.25,1.35,1.61,4.83,0.39799999999999996,C.Sands
David McKay,6.75,0.75,1.35,1.8,6.24,0.52,D.McKay
Ian Hamilton,6.75,0.0,3.38,1.5,5.91,0.4,I.Hamilton
Ethan Small,7.11,0.88,1.42,2.53,6.1,0.556,E.Small
Ronel Blanco,7.11,1.75,1.42,1.89,5.14,0.4,R.Blanco
Tyler Clippard,7.2,1.0,1.8,2.0,8.38,0.17600000000000002,T.Clippard
Max Meyer,7.5,3.0,3.0,1.5,4.09,0.444,M.Meyer
Carson Kelly,7.71,0.0,1.93,2.36,7.9,0.545,C.Kelly
Andrew Vasquez,8.1,2.0,1.35,1.35,5.12,0.4,A.Vasquez
Reed Garrett,8.22,0.57,1.17,2.35,7.13,0.483,R.Garrett
Domingo Tapia,8.47,0.86,0.53,2.29,6.0,0.397,D.Tapia
Robbie Erlin,9.0,1.0,4.5,1.5,5.84,0.429,R.Erlin
Michael A. Taylor,9.0,1.0,4.5,3.5,7.08,0.444,M.A.
Connor Sadzeck,9.0,2.0,6.0,1.67,6.74,0.4,C.Sadzeck
Luis Torrens,9.0,0.0,9.0,2.0,7.57,0.6,L.Torrens
Ray Kerr,9.0,0.75,1.8,1.4,6.98,0.5,R.Kerr
Daniel Duarte,10.13,0.67,3.38,2.25,8.89,0.556,D.Duarte
Chris Ellis,10.38,0.33,0.0,2.54,8.75,0.063,C.Ellis
Chad Smith,10.8,1.38,1.08,1.92,5.32,0.409,C.Smith
Luke Barker,11.25,3.0,4.5,1.75,2.72,0.5,L.Barker
Yu Chang,13.5,0.0,4.5,3.0,6.08,0.455,Y.Chang
Austin Wynns,13.5,0.0,4.5,2.0,8.33,0.33299999999999996,A.Wynns
Locke St. John,13.5,4.0,9.0,1.5,2.08,0.8,L.St.
Jose Butto,15.75,2.5,4.5,2.75,5.08,0.43799999999999994,J.Butto
Yadier Molina,18.0,1.0,9.0,3.0,4.34,0.545,Y.Molina
Josh Harrison,18.0,1.0,3.0,3.67,6.75,0.429,J.Harrison
Whit Merrifield,18.0,0.0,9.0,2.0,10.57,0.4,W.Merrifield
Hunter Dozier,18.0,0.0,9.0,3.0,9.08,0.4,H.Dozier
Mike Ford,18.0,0.0,9.0,2.0,9.08,0.25,M.Ford
Bubby Rossman,18.0,1.0,9.0,2.0,8.57,0.667,B.Rossman
Nicky Lopez,18.0,0.0,18.0,3.0,7.57,0.667,N.Lopez
Ernie Clement,18.0,0.0,9.0,3.0,5.34,0.636,E.Clement
Nicklaus Snyder,18.0,0.0,0.0,4.0,15.08,0.5,N.Snyder
Tyson Miller,18.0,0.0,0.0,3.0,10.09,0.071,T.Miller
JC Mejia,23.14,0.2,0.0,4.29,9.32,0.4,J.Mejia
Dee Strange-Gordon,27.0,0.0,9.0,5.0,19.57,0.5,D.Strange-Gordon
Donovan Walton,27.0,0.0,9.0,4.0,7.59,0.33299999999999996,D.Walton
Albert Pujols,36.0,0.0,18.0,4.0,9.08,0.5,A.Pujols
Max Schrock,45.0,0.0,18.0,7.0,6.08,0.7,M.Schrock
Brian Moran,54.0,0.0,27.0,12.0,16.57,0.25,B.Moran
Luis Cessa,4.85,2.38,1.8,1.29,4.03,0.441,L.Cessa
Jhoulys Chacin,7.61,1.76,1.33,1.61,4.89,0.415,J.Chacin
Andrew Kittredge,3.15,7.0,1.8,0.85,3.79,0.28800000000000003,A.Kittredge
Tyler Danish,4.08,3.0,1.27,1.13,4.07,0.42100000000000004,T.Danish
Garrett Hill,4.19,1.32,1.34,1.34,5.58,0.40399999999999997,G.Hill
Anthony Gose,4.71,2.0,1.71,1.38,4.35,0.49,A.Gose
Tyler Alexander,5.35,2.41,1.63,1.38,4.92,0.38,T.Alexander
Tommy Henry,5.5,1.47,1.5,1.53,5.24,0.414,T.Henry
Austin Warren,5.63,1.8,1.69,1.5,5.15,0.518,A.Warren
Ryan Pepiot,3.78,1.46,1.62,1.53,5.58,0.415,R.Pepiot
Erich Uelmen,4.98,2.25,1.25,1.38,4.96,0.382,E.Uelmen
Tyler Beede,5.14,1.34,1.03,1.63,5.12,0.425,T.Beede
Kodi Whitley,5.68,1.33,1.42,1.58,5.46,0.389,K.Whitley
Bryan Garcia,3.29,1.38,1.98,1.24,5.43,0.389,B.Garcia
Oliver Ortega,3.71,1.83,1.32,1.47,3.94,0.43799999999999994,O.Ortega
John King,4.09,2.0,1.02,1.39,3.83,0.45,J.King
Chase Anderson,6.43,1.27,1.93,1.29,4.95,0.375,C.Anderson
Chase Silseth,6.59,2.0,2.2,1.57,4.25,0.511,C.Silseth
Tommy Romero,7.71,1.0,3.86,1.71,6.09,0.545,T.Romero
Miguel Yajure,8.27,0.77,0.87,1.89,6.19,0.434,M.Yajure
A.J. Alexy,11.57,0.67,1.29,2.71,5.89,0.478,A.Alexy
Stephen Nogosek,2.79,2.14,1.86,1.24,5.18,0.377,S.Nogosek
Cory Abbott,4.37,2.0,2.06,1.31,5.67,0.369,C.Abbott
Ronald Bolanos,4.42,1.0,0.98,1.75,5.71,0.433,R.Bolanos
Eduard Bazardo,4.5,5.0,3.38,1.25,4.65,0.35700000000000004,E.Bazardo
Tommy Kahnle,4.76,3.0,3.18,1.06,3.37,0.222,T.Kahnle
JoJo Romero,5.06,2.5,2.53,1.31,3.61,0.414,J.Romero
Kirby Yates,5.14,1.2,2.57,1.57,6.51,0.455,K.Yates
Yunior Marte,6.13,2.38,1.13,1.46,4.05,0.39,Y.Marte
Jesus Cruz,6.23,1.5,3.12,1.38,5.34,0.39299999999999996,J.Cruz
Louis Head,6.28,1.73,1.26,1.64,5.57,0.413,L.Head
Arodys Vizcaino,6.35,0.43,1.59,1.94,8.38,0.632,A.Vizcaino
Chi Chi Gonzalez,6.87,3.0,2.45,1.53,4.32,0.397,C.Chi
Aaron Fletcher,6.94,1.5,1.54,1.2,5.92,0.513,A.Fletcher
Francisco Morales,7.2,0.5,1.8,1.6,7.0,0.273,F.Morales
Francisco Perez,7.27,0.78,2.08,2.54,6.84,0.563,F.Perez
Elvis Peguero,7.27,2.4,2.08,1.62,4.22,0.317,E.Peguero
Wil Myers,7.36,0.0,7.36,1.09,8.39,0.5329999999999999,W.Myers
Aaron Brooks,7.71,3.5,2.89,1.39,4.64,0.39399999999999996,A.Brooks
Matt Koch,8.31,3.0,4.15,1.38,5.16,0.467,M.Koch
Sam Clay,8.44,1.25,1.69,1.5,6.29,0.625,S.Clay
Sam Howard,9.0,0.25,4.5,3.0,12.58,0.16699999999999998,S.Howard
Kervin Castro,10.22,1.57,2.19,1.78,4.71,0.48700000000000004,K.Castro
A.J. Ladwig,10.8,0.0,5.4,1.8,4.89,0.6,A.Ladwig
Jared Solomon,10.8,1.8,3.24,1.56,5.61,0.41700000000000004,J.Solomon
Andrew Nardi,11.7,2.0,2.7,2.6,4.54,0.281,A.Nardi
Connor Seabold,11.91,2.6,3.18,2.56,5.16,0.419,C.Seabold
Huascar Ynoa,13.5,1.33,2.7,2.55,4.75,0.652,H.Ynoa
Brett Phillips,18.0,0.0,6.75,2.75,9.07,0.5,B.Phillips
Frank Schwindel,18.0,0.0,12.0,3.0,9.56,0.529,F.Schwindel
Jerad Eickhoff,20.77,4.0,4.15,2.54,6.43,0.368,J.Eickhoff
Garrett Stubbs,21.0,0.0,9.0,2.67,7.08,0.467,G.Stubbs
Nick Gordon,22.09,0.0,4.91,3.82,11.25,0.33299999999999996,N.Gordon
Brendon Little,40.5,0.0,13.5,4.5,16.57,0.5,B.Little
Colin Poche,3.19,2.8,1.68,1.06,4.05,0.289,C.Poche
Emilio Pagan,4.89,3.04,1.89,1.47,3.37,0.45399999999999996,E.Pagan
James Kaprielian,4.7,1.45,1.25,1.42,5.45,0.34299999999999997,J.Kaprielian
Zack Littell,5.08,3.0,1.62,1.38,4.14,0.37200000000000005,Z.Littell
Bryse Wilson,6.07,2.58,1.72,1.48,4.52,0.43700000000000006,B.Wilson
Jacob Barnes,6.1,1.11,1.31,1.45,5.17,0.449,J.Barnes
Bennett Sousa,8.41,1.2,1.33,1.72,5.38,0.425,B.Sousa
JT Chargois,3.14,2.5,1.88,1.12,4.11,0.37200000000000005,J.Chargois
Brandon Hughes,3.25,3.71,1.88,1.03,3.58,0.377,B.Hughes
Ralph Garza,3.34,1.06,1.03,1.54,5.29,0.381,R.Garza
Andrew Wantz,3.67,2.29,1.73,1.18,4.64,0.35700000000000004,A.Wantz
Luis Perdomo,4.43,2.67,1.77,1.28,4.15,0.527,L.Perdomo
Aroldis Chapman,4.55,1.57,1.14,1.42,4.89,0.375,A.Chapman
Josh Rogers,5.13,1.09,2.05,1.33,5.93,0.389,J.Rogers
J.B. Wendelken,5.28,1.5,1.24,1.34,4.54,0.326,J.Wendelken
Jason Alexander,5.4,1.64,1.51,1.62,4.51,0.436,J.Alexander
Jeurys Familia,6.09,1.86,1.42,1.8,4.29,0.46799999999999997,J.Familia
Art Warren,6.5,1.82,1.5,1.64,4.58,0.406,A.Warren
Tucker Davidson,6.96,0.9,1.27,1.78,5.94,0.39,T.Davidson
Dallas Keuchel,9.2,1.45,1.63,2.06,4.73,0.38799999999999996,D.Keuchel
Sammy Long,3.61,2.36,1.7,1.25,4.68,0.361,S.Long
Justin Bruihl,3.74,2.6,1.66,1.15,5.07,0.243,J.Bruihl
Craig Stammen,3.89,5.6,2.08,1.24,3.6,0.366,C.Stammen
Miguel Sanchez,4.05,1.13,2.03,1.5,4.78,0.341,M.Sanchez
Steve Cishek,4.55,2.58,1.52,1.28,4.27,0.35,S.Cishek
Keynan Middleton,5.29,5.0,2.65,1.12,4.24,0.38,K.Middleton
Tommy Milone,5.4,0.83,2.16,1.2,6.53,0.21100000000000002,T.Milone
Jared Koenig,5.46,1.07,1.15,1.5,5.66,0.455,J.Koenig
Yohan Ramirez,5.72,1.56,1.27,1.55,5.19,0.34600000000000003,Y.Ramirez
Ryan Burr,6.0,1.75,3.0,1.33,4.54,0.46399999999999997,R.Burr
Chasen Shreve,6.49,2.9,2.05,1.41,3.68,0.4,C.Shreve
Jimmy Yacabonis,7.62,2.71,2.77,1.92,4.43,0.43200000000000005,J.Yacabonis
Kohei Arihara,9.45,1.27,1.8,2.35,5.22,0.43799999999999994,K.Arihara
Yennier Cano,12.33,1.21,1.76,2.41,5.18,0.327,Y.Cano
Junior Fernandez,2.93,1.5,1.76,1.63,4.47,0.36700000000000005,J.Fernandez
Will Smith,3.88,2.32,1.52,1.43,4.49,0.41200000000000003,W.Smith
Austin Pruitt,4.53,4.13,1.89,1.05,4.22,0.353,A.Pruitt
Jack Flaherty,5.09,1.06,1.17,1.83,5.85,0.316,J.Flaherty
Tyler Gilbert,5.24,2.0,2.1,1.25,5.16,0.41700000000000004,T.Gilbert
Dauri Moreta,5.35,3.18,2.29,1.16,4.34,0.402,D.Moreta
T.J. McFarland,6.61,1.45,1.38,1.62,4.69,0.517,T.McFarland
Javy Guerra,7.71,1.14,2.31,1.8,5.96,0.47600000000000003,J.Guerra
Carlos Hernandez,7.97,1.08,1.27,1.85,5.8,0.401,C.Hernandez
Jose Marte,8.1,0.87,1.8,2.3,6.64,0.625,J.Marte
Ethan Roberts,8.22,1.5,3.52,2.09,4.86,0.545,E.Roberts
Travis Lakins Sr.,9.58,1.33,2.61,1.94,5.75,0.371,T.Lakins
Jackson Kowar,9.77,1.55,2.3,2.43,4.56,0.46299999999999997,J.Kowar
Phillip Diehl,11.12,1.0,4.76,1.94,7.05,0.591,P.Diehl
Thomas Szapucki,11.25,3.25,5.63,2.25,3.03,0.565,T.Szapucki
R.J. Alvarez,11.57,0.67,7.71,3.0,7.8,0.25,R.Alvarez
Thomas Hatch,19.29,2.0,5.79,3.0,4.6,0.684,T.Hatch
Jake Brentz,23.63,0.82,1.69,4.13,7.04,0.389,J.Brentz
Josh VanMeter,39.0,0.0,15.0,5.67,10.06,0.44,J.VanMeter
Bryan Shaw,5.37,1.92,1.3,1.41,4.37,0.43200000000000005,B.Shaw
Adrian Martinez,5.77,2.47,2.27,1.51,4.32,0.40399999999999997,A.Martinez
Mike Minor,6.06,1.9,2.2,1.63,5.21,0.349,M.Minor
Zach Logue,6.79,2.1,2.05,1.54,5.32,0.415,Z.Logue
Tyler Duffey,4.91,2.6,1.64,1.36,3.57,0.431,T.Duffey
Jose Alvarez,5.28,1.67,1.76,1.7,4.85,0.32,J.Alvarez
Michael Pineda,5.79,3.25,2.51,1.41,4.8,0.44,M.Pineda
Calvin Faucher,6.75,1.8,2.08,1.96,4.74,0.483,C.Faucher
Jake Bird,4.62,1.63,1.46,1.43,4.22,0.42700000000000005,J.Bird
Kirby Snead,5.98,1.48,1.11,1.8,5.25,0.36200000000000004,K.Snead
Bryan Hoeing,15.43,1.33,5.14,2.57,5.8,0.5479999999999999,B.Hoeing
Greg Holland,7.71,5.0,5.79,1.5,2.88,0.643,G.Holland
Jake Lemoine,7.71,1.86,2.2,1.53,4.99,0.389,J.Lemoine
Casey Lawrence,8.04,3.0,2.87,1.47,4.53,0.345,C.Lawrence
Tayler Saucedo,13.5,0.0,10.13,2.63,7.02,0.7140000000000001,T.Saucedo
Jake Diekman,4.13,1.9,1.2,1.55,4.28,0.40299999999999997,J.Diekman
Kirk McCarty,4.55,1.75,2.27,1.39,4.84,0.35,K.McCarty
Ian Kennedy,5.01,1.9,1.54,1.54,5.1,0.441,I.Kennedy
Jon Heasley,5.09,1.48,1.73,1.51,5.42,0.44799999999999995,J.Heasley
Jharel Cotton,2.83,1.94,1.8,1.11,5.09,0.27399999999999997,J.Cotton
Anibal Sanchez,4.4,1.36,1.97,1.28,5.47,0.36700000000000005,A.Sanchez
Trevor Kelley,6.08,2.56,2.66,1.44,4.57,0.233,T.Kelley
Vladimir Gutierrez,7.61,1.21,1.96,1.91,6.29,0.425,V.Gutierrez
Chris Mazza,11.81,0.83,5.06,2.81,7.96,0.5,C.Mazza
Dereck Rodriguez,3.52,1.0,3.52,1.43,5.57,0.423,D.Rodriguez
Anderson Espinoza,5.4,1.19,1.96,1.64,5.61,0.326,A.Espinoza
Anthony Castro,7.43,1.2,3.38,2.18,4.9,0.419,A.Castro
T.J. Zeuch,15.19,0.71,4.22,2.91,7.21,0.469,T.Zeuch
Darwinzon Hernandez,21.6,1.13,5.4,3.3,7.14,0.5,D.Hernandez
Noe Ramirez,5.22,1.96,1.62,1.42,4.44,0.363,N.Ramirez
Drew VerHagen,6.65,1.29,2.08,1.89,5.51,0.342,D.VerHagen
Ryan Borucki,5.68,1.91,2.13,1.38,4.46,0.455,R.Borucki
Caleb Smith,4.21,1.66,1.74,1.37,5.16,0.273,C.Smith
Hansel Robles,5.84,1.5,1.82,1.58,4.86,0.5,H.Robles
Luis Patino,8.1,0.85,2.7,1.95,6.86,0.315,L.Patino
Daniel Norris,5.96,1.93,1.93,1.42,4.36,0.39,D.Norris
Alec Mills,9.68,3.67,3.57,1.75,5.49,0.433,A.Mills
Hunter Gaddis,18.41,1.67,8.59,2.45,7.43,0.563,H.Gaddis
Josiah Gray,5.14,2.37,2.44,1.38,4.49,0.364,J.Gray
Heath Hembree,7.36,1.0,2.45,1.95,6.18,0.507,H.Hembree
Bruce Zimmermann,5.99,4.08,2.57,1.48,4.43,0.424,B.Zimmermann
Spencer Howard,7.41,2.13,2.87,1.73,4.81,0.42,S.Howard
Sean Newcomb,8.78,1.47,2.6,1.88,5.08,0.46,S.Newcomb
Mike Mayers,5.51,2.47,2.47,1.37,4.74,0.493,M.Mayers
Justin Dunn,6.1,1.24,3.19,1.58,5.99,0.44299999999999995,J.Dunn
Kolby Allard,8.47,3.25,4.24,1.35,4.65,0.444,K.Allard
Elvin Rodriguez,10.04,1.54,3.46,1.85,5.64,0.528,E.Rodriguez
Genesis Cabrera,4.63,1.6,1.61,1.32,4.88,0.312,G.Cabrera
Matt Swarmer,5.03,1.8,3.18,1.56,4.68,0.485,M.Swarmer
Sergio Romo,7.5,2.33,3.5,1.39,5.44,0.254,S.Romo
Yusei Kikuchi,5.53,2.04,2.19,1.57,4.21,0.474,Y.Kikuchi
Joe Smith,4.61,1.89,2.3,1.54,4.38,0.42100000000000004,J.Smith
Elieser Hernandez,6.33,2.59,2.93,1.46,5.07,0.369,E.Hernandez
Adam Oller,6.01,1.19,2.09,1.58,6.08,0.41100000000000003,A.Oller
